Company Name,Name,Address,City,Subregion,Province,PostalCode,Country
1226507 ONTARIO INC,COFFEE TIME DONUTS,2131 LAWRENCE AVE E SUITE R9,Toronto,SCARBOROUGH,Ontario,M1R 5G4,Canada
ADVANTIC INDUSTRIAL TRADE INC,COFFEE TIME DONUTS,1901 ELLESMERE RD SUITE 1,Toronto,SCARBOROUGH,Ontario,M1H 2W5,Canada
COFFEE TIME DONUTS INC,COFFEE TIME DONUTS,3701 CHESSWOOD DR SUITE 100,Toronto,NORTH YORK,Ontario,M3J 2P6,Canada
COFFEE TIME DONUTS INC,COFFEE TIME DONUTS,1577 DANFORTH AVE SUITE 1,Toronto,TORONTO,Ontario,M4C 1H7,Canada
COFFEE TIME DONUTS INC,COFFEE TIME DONUTS,5926 YONGE ST SUITE A,Toronto,NORTH YORK,Ontario,M2M 3V9,Canada
