<PAMDataset>
  <Metadata>
    <MDI key="DTED_CompilationDate">0002</MDI>
    <MDI key="DTED_DataEdition">02</MDI>
    <MDI key="DTED_DigitizingSystem">SRTM      </MDI>
    <MDI key="DTED_HorizontalAccuracy">0009</MDI>
    <MDI key="DTED_HorizontalDatum">WGS84</MDI>
    <MDI key="DTED_MaintenanceDate">0000</MDI>
    <MDI key="DTED_MaintenanceDescription">0000</MDI>
    <MDI key="DTED_MatchMergeDate">0000</MDI>
    <MDI key="DTED_MatchMergeVersion">A</MDI>
    <MDI key="DTED_NimaDesignator">DTED1</MDI>
    <MDI key="DTED_OriginLatitude">0040000N</MDI>
    <MDI key="DTED_OriginLongitude">1010000E</MDI>
    <MDI key="DTED_Producer">USCNIMA </MDI>
    <MDI key="DTED_RelHorizontalAccuracy">NA  </MDI>
    <MDI key="DTED_RelVerticalAccuracy">0012</MDI>
    <MDI key="DTED_SecurityCode_DSI">U</MDI>
    <MDI key="DTED_SecurityCode_UHL">U  </MDI>
    <MDI key="DTED_UniqueRef_DSI">L10 054        </MDI>
    <MDI key="DTED_UniqueRef_UHL">L10 054     </MDI>
    <MDI key="DTED_VerticalAccuracy_ACC">0009</MDI>
    <MDI key="DTED_VerticalAccuracy_UHL">0009</MDI>
    <MDI key="DTED_VerticalDatum">E96</MDI>
  </Metadata>
  <Metadata domain="Esri">
    <MDI key="PyramidResamplingType">NEAREST</MDI>
  </Metadata>
  <PAMRasterBand band="1">
    <UnitType>m</UnitType>
  </PAMRasterBand>
</PAMDataset>
