<?xml version='1.0'?><metadata xml:lang='en'><Esri><CreaDate>20140722</CreaDate><CreaTime>04070000</CreaTime><ArcGISFormat>1.0</ArcGISFormat><SyncOnce>TRUE</SyncOnce><ModDate>20140724</ModDate><ModTime>01075555</ModTime><DataProperties><coordRef><csUnits>Decimal Degree</csUnits><geogcsn>WGS 84</geogcsn><peXml><wktVar>&lt;ProjectedCoordinateSystem&gt;&lt;WKT&gt;GEOGCS[&quot;WGS 84&quot;,DATUM[&quot;World Geodetic System 1984 [EPSG ID 6326]&quot;,SPHEROID[&quot;WGS 84 [EPSG ID 7030]&quot;,6378137.0,298.257223563]],PRIMEM[&quot;Greenwich&quot;,0.0],UNIT[&quot;Decimal Degree&quot;,0.01745329251994328]]&lt;/WKT&gt;&lt;XOrigin&gt;-85&lt;/XOrigin&gt;&lt;YOrigin&gt;40&lt;/YOrigin&gt;&lt;XYScale&gt;100000000&lt;/XYScale&gt;&lt;ZOrigin&gt;0&lt;/ZOrigin&gt;&lt;ZScale&gt;1&lt;/ZScale&gt;&lt;MOrigin&gt;0&lt;/MOrigin&gt;&lt;MScale&gt;1&lt;/MScale&gt;&lt;XYTolerance&gt;.00000002&lt;/XYTolerance&gt;&lt;ZTolerance&gt;0&lt;/ZTolerance&gt;&lt;MTolerance&gt;0&lt;/MTolerance&gt;&lt;HighPrecision&gt;&lt;/HighPrecision&gt;&lt;/ProjectedCoordinateSystem&gt;&lt;/peXml&gt;</wktVar></peXml></coordRef></DataProperties></Esri><idinfo><citation><citeinfo><title>Bicycle Shops</title><origin>none</origin><pubdate>07-24-2014</pubdate></citeinfo></citation><status><progress>Complete</progress><update>Annually</update></status></idinfo><dataIdInfo><themeKeys><keyword>cycling</keyword><keyword>biking</keyword><keyword>bike shops</keyword><keyword>bike stores</keyword></themeKeys><idPurp>A geospatial file that shows where all the bicycle shops are located in Toronto</idPurp><idAbs>This dataset contains the locations of all the bicycle shops located in the City of Toronto.
Web site address for more information:  
 www.toronto.ca/cycling
Data was collected and geocoded against the City&apos;s one address repository.</idAbs><idCitation><resTitle>CITYGCS.BICYCLE_SHOP</resTitle></idCitation><resConst><Consts><useLimit>Source must be credited. Cannot be re-sold</useLimit></Consts></resConst><dataExt><geoEle><GeoBndBox><westBL>-82</westBL><eastBL>-77.8</eastBL><northBL>45.2</northBL><southBL>42</southBL></GeoBndBox></geoEle></dataExt><idPoC><rpIndName>Open Data Team</rpIndName><rpOrgName>City of Toronto</rpOrgName><rpCntInfo><cntAddress><eMailAdd>opendata@toronto.ca</eMailAdd></cntAddress></rpCntInfo><role><RoleCd value='005'></RoleCd></role></idPoC></dataIdInfo><metainfo><D>99</D><langmeta>en</langmeta><mdDateSt><CreaDate>20140722 04070000</CreaDate></mdDateSt></metainfo><distinfo></distinfo><spdoinfo><ptvctinf><esriterm><efeatyp>Feature Class</efeatyp><efeageom>Point</efeageom></esriterm></ptvctinf></spdoinfo><mdContact><rpOrgName>Geospatial Competency Centre</rpOrgName><rpIndName>.</rpIndName><rpCntInfo><cntAddress><city>Toronto</city><delPoint>18 Dyas Rd,  3rd Floor</delPoint><eMailAdd>gcc@toronto.ca</eMailAdd><postCode>M3B 1V5</postCode><adminArea>ON</adminArea></cntAddress><cntPhone><voiceNum>416-392-2506</voiceNum><faxNum>416-397-4900</faxNum></cntPhone></rpCntInfo><rpPosName>.</rpPosName></mdContact><eainfo><detailed><enttyp><enttypt>Feature Class</enttypt><enttypl>CITYGCS.BICYCLE_SHOP</enttypl><enttypc>96</enttypc></enttyp><attr><attrlabl>ADDRESS</attrlabl><attalias>ADDRESS</attalias><attrtype>VARCHAR2</attrtype><attwidth>131</attwidth><attrdef>Bicycle Shop address</attrdef></attr><attr><attrlabl>POSTAL_CD</attrlabl><attalias>POSTAL_CD</attalias><attrtype>VARCHAR2</attrtype><attwidth>7</attwidth><attrdef>Bicycle Shop postal code</attrdef></attr><attr><attrlabl>X</attrlabl><attalias>X</attalias><attrtype>NUMBER</attrtype><attwidth>22</attwidth><attrdef>Easting in MTM NAD27 3 degree Projection</attrdef></attr><attr><attrlabl>Y</attrlabl><attalias>Y</attalias><attrtype>NUMBER</attrtype><attwidth>22</attwidth><attrdef>Northing in MTM NAD27 3 degree Projection</attrdef></attr><attr><attrlabl>LONGITUDE</attrlabl><attalias>LONGITUDE</attalias><attrtype>NUMBER</attrtype><attwidth>22</attwidth><attrdef>Longitude in WGS84 Coordinate System</attrdef></attr><attr><attrlabl>LATITUDE</attrlabl><attalias>LATITUDE</attalias><attrtype>NUMBER</attrtype><attwidth>22</attwidth><attrdef>Latitude in WGS84 Coordinate System</attrdef></attr><attr><attrlabl>NAME</attrlabl><attalias>NAME</attalias><attrtype>VARCHAR2</attrtype><attwidth>254</attwidth><attrdef>Bicycle Shop name</attrdef></attr><attr><attrlabl>UNIT</attrlabl><attalias>UNIT</attalias><attrtype>VARCHAR2</attrtype><attwidth>150</attwidth><attrdef>Bicycle Shop unit number (if applicable)</attrdef></attr><attr><attrlabl>PHONE</attrlabl><attalias>PHONE</attalias><attrtype>VARCHAR2</attrtype><attwidth>100</attwidth><attrdef>Bicycle Shop phone number</attrdef></attr><attr><attrlabl>EMAIL</attrlabl><attalias>EMAIL</attalias><attrtype>VARCHAR2</attrtype><attwidth>250</attwidth><attrdef>Bicycle Shop email address</attrdef></attr><attr><attrlabl>RENTAL</attrlabl><attalias>RENTAL</attalias><attrtype>VARCHAR2</attrtype><attwidth>10</attwidth><attrdef>Can bicycles be rented at the bicycle shop</attrdef></attr><attr><attrlabl>OBJECTID</attrlabl><attalias>OBJECTID</attalias><attrtype>NUMBER</attrtype><attwidth>22</attwidth><attrdef>Unique system identifier</attrdef></attr><attr><attrlabl>SHAPE</attrlabl><attalias>SHAPE</attalias><attrtype>SDO_GEOMETRY</attrtype><attwidth>64</attwidth></attr></detailed></eainfo><spatRepInfo><VectSpatRep><geometObjs><geoObjCnt>96</geoObjCnt></geometObjs></VectSpatRep></spatRepInfo></metadata>