<?xml version="1.0"?>
<metadata xml:lang="en"><Esri><CreaDate>20121128</CreaDate><CreaTime>09211700</CreaTime><ArcGISFormat>1.0</ArcGISFormat><SyncOnce>TRUE</SyncOnce><DataProperties><coordRef><csUnits>Decimal Degree</csUnits><geogcsn>WGS 84</geogcsn><peXml><wktVar>&lt;ProjectedCoordinateSystem&gt;&lt;WKT&gt;GEOGCS["WGS 84",DATUM["World Geodetic System 1984 [EPSG ID 6326]",SPHEROID["WGS 84 [EPSG ID 7030]",6378137.0,298.257223563]],PRIMEM["Greenwich",0.0],UNIT["Decimal Degree",0.01745329251994328]]&lt;/WKT&gt;&lt;XOrigin&gt;-80&lt;/XOrigin&gt;&lt;YOrigin&gt;43&lt;/YOrigin&gt;&lt;XYScale&gt;100000000&lt;/XYScale&gt;&lt;ZOrigin&gt;0&lt;/ZOrigin&gt;&lt;ZScale&gt;1&lt;/ZScale&gt;&lt;MOrigin&gt;0&lt;/MOrigin&gt;&lt;MScale&gt;1&lt;/MScale&gt;&lt;XYTolerance&gt;.00000002&lt;/XYTolerance&gt;&lt;ZTolerance&gt;0&lt;/ZTolerance&gt;&lt;MTolerance&gt;0&lt;/MTolerance&gt;&lt;HighPrecision&gt;&lt;/HighPrecision&gt;&lt;/ProjectedCoordinateSystem&gt;&lt;/peXml&gt;</wktVar></peXml></coordRef><lineage><Process ToolSource="c:\program files\arcgis\pro\Resources\ArcToolbox\toolboxes\Data Management Tools.tbx\UpdateSchema" Date="20180724" Time="150545">UpdateSchema "CIMDATA=&lt;CIMStandardDataConnection xsi:type='typens:CIMStandardDataConnection' xmlns:xsi='http://www.w3.org/2001/XMLSchema-instance' xmlns:xs='http://www.w3.org/2001/XMLSchema' xmlns:typens='http://www.esri.com/schemas/ArcGIS/2.2.0'&gt;&lt;WorkspaceConnectionString&gt;DATABASE=C:\Users\fortinm\Google Drive\ArcGISProWorkshop\data\Neighbourhood_boundaries&lt;/WorkspaceConnectionString&gt;&lt;WorkspaceFactory&gt;Shapefile&lt;/WorkspaceFactory&gt;&lt;Dataset&gt;NEIGHBORHOODS_WGS84.shp&lt;/Dataset&gt;&lt;DatasetType&gt;esriDTAny&lt;/DatasetType&gt;&lt;/CIMStandardDataConnection&gt;" &lt;operationSequence&gt;&lt;workflow&gt;&lt;AddField&gt;&lt;field_name&gt;Name&lt;/field_name&gt;&lt;field_type&gt;TEXT&lt;/field_type&gt;&lt;field_length&gt;255&lt;/field_length&gt;&lt;field_is_nullable&gt;False&lt;/field_is_nullable&gt;&lt;field_is_required&gt;False&lt;/field_is_required&gt;&lt;/AddField&gt;&lt;/workflow&gt;&lt;/operationSequence&gt;</Process><Process ToolSource="c:\program files\arcgis\pro\Resources\ArcToolbox\toolboxes\Data Management Tools.tbx\CalculateField" Date="20180724" Time="150632">CalculateField NEIGHBORHOODS_WGS84 Name !AREA_NAME! "Python 3" #</Process><Process ToolSource="c:\program files\arcgis\pro\Resources\ArcToolbox\toolboxes\Data Management Tools.tbx\CalculateField" Date="20180724" Time="150754">CalculateField NEIGHBORHOODS_WGS84 Name !AREA_NAME![-5] "Python 3" #</Process><Process ToolSource="c:\program files\arcgis\pro\Resources\ArcToolbox\toolboxes\Data Management Tools.tbx\CalculateField" Date="20180724" Time="150808">CalculateField NEIGHBORHOODS_WGS84 Name !AREA_NAME![0,-5] "Python 3" #</Process><Process ToolSource="c:\program files\arcgis\pro\Resources\ArcToolbox\toolboxes\Data Management Tools.tbx\CalculateField" Date="20180724" Time="150814">CalculateField NEIGHBORHOODS_WGS84 Name "!AREA_NAME![0 -5]" "Python 3" #</Process><Process ToolSource="c:\program files\arcgis\pro\Resources\ArcToolbox\toolboxes\Data Management Tools.tbx\CalculateField" Date="20180724" Time="150824">CalculateField NEIGHBORHOODS_WGS84 Name "!AREA_NAME![-5, 0]" "Python 3" #</Process><Process ToolSource="c:\program files\arcgis\pro\Resources\ArcToolbox\toolboxes\Data Management Tools.tbx\CalculateField" Date="20180724" Time="150829">CalculateField NEIGHBORHOODS_WGS84 Name "!AREA_NAME![-5 0]" "Python 3" #</Process><Process ToolSource="c:\program files\arcgis\pro\Resources\ArcToolbox\toolboxes\Data Management Tools.tbx\CalculateField" Date="20180724" Time="150834">CalculateField NEIGHBORHOODS_WGS84 Name !AREA_NAME![-5] "Python 3" #</Process><Process ToolSource="c:\program files\arcgis\pro\Resources\ArcToolbox\toolboxes\Data Management Tools.tbx\CalculateField" Date="20180724" Time="150843">CalculateField NEIGHBORHOODS_WGS84 Name !AREA_NAME![-5-0] "Python 3" #</Process><Process ToolSource="c:\program files\arcgis\pro\Resources\ArcToolbox\toolboxes\Data Management Tools.tbx\CalculateField" Date="20180724" Time="151054">CalculateField NEIGHBORHOODS_WGS84 Name !AREA_NAME![0:-4] "Python 3" #</Process><Process ToolSource="c:\program files\arcgis\pro\Resources\ArcToolbox\toolboxes\Data Management Tools.tbx\CalculateField" Date="20180724" Time="151124">CalculateField NEIGHBORHOODS_WGS84 Name !AREA_NAME![0:-5] "Python 3" #</Process><Process ToolSource="c:\program files\arcgis\pro\Resources\ArcToolbox\toolboxes\Data Management Tools.tbx\CalculateField" Date="20180724" Time="151216">CalculateField NEIGHBORHOODS_WGS84 Name !AREA_NAME![0:-4] "Python 3" #</Process><Process ToolSource="c:\program files\arcgis\pro\Resources\ArcToolbox\toolboxes\Data Management Tools.tbx\CalculateField" Date="20180724" Time="151303">CalculateField NEIGHBORHOODS_WGS84 Name !Name![0:-1] "Python 3" #</Process><Process ToolSource="c:\program files\arcgis\pro\Resources\ArcToolbox\toolboxes\Data Management Tools.tbx\CalculateField" Date="20180724" Time="151336">CalculateField NEIGHBORHOODS_WGS84 Name !AREA_NAME![0:-4] "Python 3" #</Process><Process ToolSource="c:\program files\arcgis\pro\Resources\ArcToolbox\toolboxes\Data Management Tools.tbx\CalculateField" Date="20180724" Time="151413">CalculateField NEIGHBORHOODS_WGS84 Name !AREA_NAME![0:-4] "Python 3" #</Process><Process ToolSource="c:\program files\arcgis\pro\Resources\ArcToolbox\toolboxes\Data Management Tools.tbx\CalculateField" Date="20180724" Time="151454">CalculateField NEIGHBORHOODS_WGS84 Name !AREA_NAME!.rstrip('(') "Python 3" #</Process><Process ToolSource="c:\program files\arcgis\pro\Resources\ArcToolbox\toolboxes\Data Management Tools.tbx\CalculateField" Date="20180724" Time="151522">CalculateField NEIGHBORHOODS_WGS84 Name !AREA_NAME![0:-4] "Python 3" #</Process><Process ToolSource="c:\program files\arcgis\pro\Resources\ArcToolbox\toolboxes\Data Management Tools.tbx\CalculateField" Date="20180724" Time="151544">CalculateField NEIGHBORHOODS_WGS84 Name !AREA_NAME![0:-4].rstrip("(") "Python 3" #</Process><Process ToolSource="c:\program files\arcgis\pro\Resources\ArcToolbox\Toolboxes\Data Management Tools.tbx\UpdateSchema" Date="20180725" Time="112424">UpdateSchema "CIMDATA=&lt;CIMStandardDataConnection xsi:type='typens:CIMStandardDataConnection' xmlns:xsi='http://www.w3.org/2001/XMLSchema-instance' xmlns:xs='http://www.w3.org/2001/XMLSchema' xmlns:typens='http://www.esri.com/schemas/ArcGIS/2.2.0'&gt;&lt;WorkspaceConnectionString&gt;DATABASE=C:\Users\fortinm\Google Drive\ArcGISProWorkshop\data\Neighbourhood_boundaries&lt;/WorkspaceConnectionString&gt;&lt;WorkspaceFactory&gt;Shapefile&lt;/WorkspaceFactory&gt;&lt;Dataset&gt;NEIGHBORHOODS_WGS84&lt;/Dataset&gt;&lt;DatasetType&gt;esriDTFeatureClass&lt;/DatasetType&gt;&lt;/CIMStandardDataConnection&gt;" &lt;operationSequence&gt;&lt;workflow&gt;&lt;AddField&gt;&lt;field_name&gt;ID&lt;/field_name&gt;&lt;field_type&gt;TEXT&lt;/field_type&gt;&lt;field_length&gt;255&lt;/field_length&gt;&lt;field_is_nullable&gt;False&lt;/field_is_nullable&gt;&lt;field_is_required&gt;False&lt;/field_is_required&gt;&lt;/AddField&gt;&lt;/workflow&gt;&lt;/operationSequence&gt;</Process><Process ToolSource="c:\program files\arcgis\pro\Resources\ArcToolbox\toolboxes\Data Management Tools.tbx\CalculateField" Date="20180725" Time="112555">CalculateField NEIGHBORHOODS_WGS84 ID !AREA_NAME![-4:0] "Python 3" #</Process><Process ToolSource="c:\program files\arcgis\pro\Resources\ArcToolbox\toolboxes\Data Management Tools.tbx\CalculateField" Date="20180725" Time="112605">CalculateField NEIGHBORHOODS_WGS84 ID !AREA_NAME![-4:-1] "Python 3" #</Process><Process ToolSource="c:\program files\arcgis\pro\Resources\ArcToolbox\toolboxes\Data Management Tools.tbx\CalculateField" Date="20180725" Time="112621">CalculateField NEIGHBORHOODS_WGS84 ID !AREA_NAME![-4] "Python 3" #</Process><Process ToolSource="c:\program files\arcgis\pro\Resources\ArcToolbox\toolboxes\Data Management Tools.tbx\CalculateField" Date="20180725" Time="112657">CalculateField NEIGHBORHOODS_WGS84 ID !AREA_NAME![-4:-2] "Python 3" #</Process><Process ToolSource="c:\program files\arcgis\pro\Resources\ArcToolbox\toolboxes\Data Management Tools.tbx\CalculateField" Date="20180725" Time="112714">CalculateField NEIGHBORHOODS_WGS84 ID !AREA_NAME![0:-4] "Python 3" #</Process><Process ToolSource="c:\program files\arcgis\pro\Resources\ArcToolbox\toolboxes\Data Management Tools.tbx\CalculateField" Date="20180725" Time="113644">CalculateField NEIGHBORHOODS_WGS84 ID !AREA_NAME![0:-4] "Python 3" #</Process><Process ToolSource="c:\program files\arcgis\pro\Resources\ArcToolbox\toolboxes\Data Management Tools.tbx\CalculateField" Date="20180725" Time="113724">CalculateField NEIGHBORHOODS_WGS84 ID !AREA_NAME! "Python 3" #</Process><Process ToolSource="c:\program files\arcgis\pro\Resources\ArcToolbox\toolboxes\Data Management Tools.tbx\CalculateField" Date="20180725" Time="113828">CalculateField NEIGHBORHOODS_WGS84 ID !AREA_NAME![-4:0] "Python 3" #</Process><Process ToolSource="c:\program files\arcgis\pro\Resources\ArcToolbox\toolboxes\Data Management Tools.tbx\CalculateField" Date="20180725" Time="113837">CalculateField NEIGHBORHOODS_WGS84 ID !AREA_NAME![-4] "Python 3" #</Process><Process ToolSource="c:\program files\arcgis\pro\Resources\ArcToolbox\toolboxes\Data Management Tools.tbx\CalculateField" Date="20180725" Time="113959">CalculateField NEIGHBORHOODS_WGS84 ID !AREA_NAME!.lstrip("(").rstrip(")") "Python 3" #</Process><Process ToolSource="c:\program files\arcgis\pro\Resources\ArcToolbox\toolboxes\Data Management Tools.tbx\CalculateField" Date="20180725" Time="114014">CalculateField NEIGHBORHOODS_WGS84 ID !AREA_NAME!.rstrip(")") "Python 3" #</Process><Process ToolSource="c:\program files\arcgis\pro\Resources\ArcToolbox\toolboxes\Data Management Tools.tbx\CalculateField" Date="20180725" Time="114044">CalculateField NEIGHBORHOODS_WGS84 ID !AREA_NAME![0:-5].rstrip(")") "Python 3" #</Process><Process ToolSource="c:\program files\arcgis\pro\Resources\ArcToolbox\toolboxes\Data Management Tools.tbx\CalculateField" Date="20180725" Time="114114">CalculateField NEIGHBORHOODS_WGS84 ID !AREA_NAME![0:-5] "Python 3" #</Process><Process ToolSource="c:\program files\arcgis\pro\Resources\ArcToolbox\toolboxes\Data Management Tools.tbx\CalculateField" Date="20180725" Time="114405">CalculateField NEIGHBORHOODS_WGS84 ID !AREA_NAME![-4:] "Python 3" #</Process><Process ToolSource="c:\program files\arcgis\pro\Resources\ArcToolbox\toolboxes\Data Management Tools.tbx\CalculateField" Date="20180725" Time="114432">CalculateField NEIGHBORHOODS_WGS84 ID !AREA_NAME![-4:].rstrip(")") "Python 3" #</Process><Process ToolSource="c:\program files\arcgis\pro\Resources\ArcToolbox\toolboxes\Data Management Tools.tbx\CalculateField" Date="20180725" Time="114451">CalculateField NEIGHBORHOODS_WGS84 ID !AREA_NAME![-4:].rstrip(")").lstrip("(") "Python 3" #</Process><Process ToolSource="c:\program files\arcgis\pro\Resources\ArcToolbox\toolboxes\Data Management Tools.tbx\CalculateField" Date="20180725" Time="114551">CalculateField NEIGHBORHOODS_WGS84 ID !ID!.lstrip("(") "Python 3" #</Process><Process ToolSource="c:\program files\arcgis\pro\Resources\ArcToolbox\toolboxes\Data Management Tools.tbx\CalculateField" Date="20180725" Time="114601">CalculateField NEIGHBORHOODS_WGS84 ID !ID!.strip("(") "Python 3" #</Process><Process ToolSource="c:\program files\arcgis\pro\Resources\ArcToolbox\toolboxes\Data Management Tools.tbx\CalculateField" Date="20180725" Time="114609">CalculateField NEIGHBORHOODS_WGS84 ID !ID!.rstrip("(") "Python 3" #</Process><Process ToolSource="c:\program files\arcgis\pro\Resources\ArcToolbox\toolboxes\Data Management Tools.tbx\CalculateField" Date="20180725" Time="114632">CalculateField NEIGHBORHOODS_WGS84 ID !AREA_NAME![-4:].rstrip(")").lstrip("(") "Python 3" #</Process><Process ToolSource="c:\program files\arcgis\pro\Resources\ArcToolbox\toolboxes\Data Management Tools.tbx\CalculateField" Date="20180725" Time="114640">CalculateField NEIGHBORHOODS_WGS84 ID !AREA_NAME![-4:].rstrip(")") "Python 3" #</Process><Process ToolSource="c:\program files\arcgis\pro\Resources\ArcToolbox\toolboxes\Data Management Tools.tbx\CalculateField" Date="20180725" Time="114654">CalculateField NEIGHBORHOODS_WGS84 ID !AREA_NAME![-4:].rstrip(")").lstrip("(") "Python 3" #</Process><Process ToolSource="c:\program files\arcgis\pro\Resources\ArcToolbox\toolboxes\Data Management Tools.tbx\DeleteField" Date="20180731" Time="123128">DeleteField NEIGHBORHOODS_WGS84 ID</Process><Process ToolSource="c:\program files\arcgis\pro\Resources\ArcToolbox\toolboxes\Data Management Tools.tbx\UpdateSchema" Date="20180731" Time="123157">UpdateSchema "CIMDATA=&lt;CIMStandardDataConnection xsi:type='typens:CIMStandardDataConnection' xmlns:xsi='http://www.w3.org/2001/XMLSchema-instance' xmlns:xs='http://www.w3.org/2001/XMLSchema' xmlns:typens='http://www.esri.com/schemas/ArcGIS/2.2.0'&gt;&lt;WorkspaceConnectionString&gt;DATABASE=C:\Users\fortinm\Google Drive\ArcGISProWorkshop\data\Neighbourhood_boundaries&lt;/WorkspaceConnectionString&gt;&lt;WorkspaceFactory&gt;Shapefile&lt;/WorkspaceFactory&gt;&lt;Dataset&gt;NEIGHBORHOODS_WGS84.shp&lt;/Dataset&gt;&lt;DatasetType&gt;esriDTAny&lt;/DatasetType&gt;&lt;/CIMStandardDataConnection&gt;" &lt;operationSequence&gt;&lt;workflow&gt;&lt;AddField&gt;&lt;field_name&gt;ID&lt;/field_name&gt;&lt;field_type&gt;DOUBLE&lt;/field_type&gt;&lt;field_is_nullable&gt;False&lt;/field_is_nullable&gt;&lt;field_is_required&gt;False&lt;/field_is_required&gt;&lt;/AddField&gt;&lt;/workflow&gt;&lt;/operationSequence&gt;</Process><Process ToolSource="c:\program files\arcgis\pro\Resources\ArcToolbox\toolboxes\Data Management Tools.tbx\CalculateField" Date="20180731" Time="123214">CalculateField NEIGHBORHOODS_WGS84 ID !AREA_S_CD! "Python 3" #</Process><Process ToolSource="c:\program files\arcgis\pro\Resources\ArcToolbox\toolboxes\Data Management Tools.tbx\UpdateSchema" Date="20180731" Time="123847">UpdateSchema "CIMDATA=&lt;CIMStandardDataConnection xsi:type='typens:CIMStandardDataConnection' xmlns:xsi='http://www.w3.org/2001/XMLSchema-instance' xmlns:xs='http://www.w3.org/2001/XMLSchema' xmlns:typens='http://www.esri.com/schemas/ArcGIS/2.2.0'&gt;&lt;WorkspaceConnectionString&gt;DATABASE=C:\Users\fortinm\Google Drive\ArcGISProWorkshop\data\Neighbourhood_boundaries&lt;/WorkspaceConnectionString&gt;&lt;WorkspaceFactory&gt;Shapefile&lt;/WorkspaceFactory&gt;&lt;Dataset&gt;NEIGHBORHOODS_WGS84.shp&lt;/Dataset&gt;&lt;DatasetType&gt;esriDTAny&lt;/DatasetType&gt;&lt;/CIMStandardDataConnection&gt;" &lt;operationSequence&gt;&lt;workflow&gt;&lt;DeleteField&gt;&lt;field_name&gt;ID&lt;/field_name&gt;&lt;/DeleteField&gt;&lt;/workflow&gt;&lt;/operationSequence&gt;</Process><Process ToolSource="c:\program files\arcgis\pro\Resources\ArcToolbox\Toolboxes\Data Management Tools.tbx\UpdateSchema" Date="20180731" Time="130003">UpdateSchema "CIMDATA=&lt;CIMStandardDataConnection xsi:type='typens:CIMStandardDataConnection' xmlns:xsi='http://www.w3.org/2001/XMLSchema-instance' xmlns:xs='http://www.w3.org/2001/XMLSchema' xmlns:typens='http://www.esri.com/schemas/ArcGIS/2.2.0'&gt;&lt;WorkspaceConnectionString&gt;DATABASE=C:\Users\fortinm\Google Drive\ArcGISProWorkshop\data\Neighbourhood_boundaries&lt;/WorkspaceConnectionString&gt;&lt;WorkspaceFactory&gt;Shapefile&lt;/WorkspaceFactory&gt;&lt;Dataset&gt;NEIGHBORHOODS_WGS84.shp&lt;/Dataset&gt;&lt;DatasetType&gt;esriDTAny&lt;/DatasetType&gt;&lt;/CIMStandardDataConnection&gt;" &lt;operationSequence&gt;&lt;workflow&gt;&lt;AddField&gt;&lt;field_name&gt;ID&lt;/field_name&gt;&lt;field_type&gt;DOUBLE&lt;/field_type&gt;&lt;field_is_nullable&gt;False&lt;/field_is_nullable&gt;&lt;field_is_required&gt;False&lt;/field_is_required&gt;&lt;/AddField&gt;&lt;/workflow&gt;&lt;/operationSequence&gt;</Process><Process ToolSource="c:\program files\arcgis\pro\Resources\ArcToolbox\toolboxes\Data Management Tools.tbx\CalculateField" Date="20180731" Time="130115">CalculateField NEIGHBORHOODS_WGS84 ID !AREA_S_CD! "Python 3" #</Process><Process ToolSource="c:\program files\arcgis\pro\Resources\ArcToolbox\Toolboxes\Data Management Tools.tbx\DeleteField" Date="20180731" Time="131158">DeleteField NEIGHBORHOODS_WGS84 ID</Process><Process ToolSource="c:\program files\arcgis\pro\Resources\ArcToolbox\Toolboxes\Data Management Tools.tbx\DeleteField" Date="20180821" Time="131048">DeleteField NEIGHBORHOODS_WGS84 Name</Process><Process ToolSource="c:\program files\arcgis\pro\Resources\ArcToolbox\Toolboxes\Data Management Tools.tbx\UpdateSchema" Date="20180821" Time="133235">UpdateSchema "CIMDATA=&lt;CIMStandardDataConnection xsi:type='typens:CIMStandardDataConnection' xmlns:xsi='http://www.w3.org/2001/XMLSchema-instance' xmlns:xs='http://www.w3.org/2001/XMLSchema' xmlns:typens='http://www.esri.com/schemas/ArcGIS/2.2.0'&gt;&lt;WorkspaceConnectionString&gt;DATABASE=U:\ArcGISProWorkshop\data\Neighbourhood_boundaries&lt;/WorkspaceConnectionString&gt;&lt;WorkspaceFactory&gt;Shapefile&lt;/WorkspaceFactory&gt;&lt;Dataset&gt;NEIGHBORHOODS_WGS84.shp&lt;/Dataset&gt;&lt;DatasetType&gt;esriDTAny&lt;/DatasetType&gt;&lt;/CIMStandardDataConnection&gt;" &lt;operationSequence&gt;&lt;workflow&gt;&lt;AddField&gt;&lt;field_name&gt;ID&lt;/field_name&gt;&lt;field_type&gt;DOUBLE&lt;/field_type&gt;&lt;field_is_nullable&gt;False&lt;/field_is_nullable&gt;&lt;field_is_required&gt;False&lt;/field_is_required&gt;&lt;/AddField&gt;&lt;/workflow&gt;&lt;/operationSequence&gt;</Process><Process ToolSource="c:\program files\arcgis\pro\Resources\ArcToolbox\toolboxes\Data Management Tools.tbx\CalculateField" Date="20180821" Time="134424">CalculateField NEIGHBORHOODS_WGS84 ID !AREA_S_CD! "Python 3" #</Process><Process ToolSource="c:\program files\arcgis\pro\Resources\ArcToolbox\Toolboxes\Data Management Tools.tbx\DeleteField" Date="20180821" Time="143217">DeleteField NEIGHBORHOODS_WGS84 ID</Process><Process ToolSource="c:\program files\arcgis\pro\Resources\ArcToolbox\Toolboxes\Data Management Tools.tbx\UpdateSchema" Date="20180822" Time="091700">UpdateSchema "CIMDATA=&lt;CIMStandardDataConnection xsi:type='typens:CIMStandardDataConnection' xmlns:xsi='http://www.w3.org/2001/XMLSchema-instance' xmlns:xs='http://www.w3.org/2001/XMLSchema' xmlns:typens='http://www.esri.com/schemas/ArcGIS/2.2.0'&gt;&lt;WorkspaceConnectionString&gt;DATABASE=C:\Users\fortinm\Google Drive\ArcGISProWorkshop\data\Neighbourhood_boundaries&lt;/WorkspaceConnectionString&gt;&lt;WorkspaceFactory&gt;Shapefile&lt;/WorkspaceFactory&gt;&lt;Dataset&gt;NEIGHBORHOODS_WGS84.shp&lt;/Dataset&gt;&lt;DatasetType&gt;esriDTAny&lt;/DatasetType&gt;&lt;/CIMStandardDataConnection&gt;" &lt;operationSequence&gt;&lt;workflow&gt;&lt;AddField&gt;&lt;field_name&gt;area&lt;/field_name&gt;&lt;field_type&gt;DOUBLE&lt;/field_type&gt;&lt;field_is_nullable&gt;False&lt;/field_is_nullable&gt;&lt;field_is_required&gt;False&lt;/field_is_required&gt;&lt;/AddField&gt;&lt;/workflow&gt;&lt;/operationSequence&gt;</Process><Process ToolSource="c:\program files\arcgis\pro\Resources\ArcToolbox\toolboxes\Data Management Tools.tbx\CalculateGeometryAttributes" Date="20180822" Time="091743">CalculateGeometryAttributes NEIGHBORHOODS_WGS84 "area AREA_GEODESIC" # "Square kilometers" GEOGCS['WGS 84',DATUM['World Geodetic System 1984 (EPSG ID 6326)',SPHEROID['WGS 84 (EPSG ID 7030)',6378137.0,298.257223563]],PRIMEM['Greenwich',0.0],UNIT['Decimal_Degree',0.01745329251994328]]</Process><Process ToolSource="c:\program files\arcgis\pro\Resources\ArcToolbox\toolboxes\Data Management Tools.tbx\CalculateGeometryAttributes" Date="20180822" Time="092014">CalculateGeometryAttributes NEIGHBORHOODS_WGS84 "area AREA_GEODESIC" # "Square kilometers" PROJCS['NAD_1927_UTM_Zone_17N',GEOGCS['GCS_North_American_1927',DATUM['D_North_American_1927',SPHEROID['Clarke_1866',6378206.4,294.9786982]],PRIMEM['Greenwich',0.0],UNIT['Degree',0.0174532925199433]],PROJECTION['Transverse_Mercator'],PARAMETER['False_Easting',500000.0],PARAMETER['False_Northing',0.0],PARAMETER['Central_Meridian',-81.0],PARAMETER['Scale_Factor',0.9996],PARAMETER['Latitude_Of_Origin',0.0],UNIT['Meter',1.0]]</Process><Process ToolSource="c:\program files\arcgis\pro\Resources\ArcToolbox\toolboxes\Data Management Tools.tbx\UpdateSchema" Date="20180910" Time="155724">UpdateSchema "CIMDATA=&lt;CIMStandardDataConnection xsi:type='typens:CIMStandardDataConnection' xmlns:xsi='http://www.w3.org/2001/XMLSchema-instance' xmlns:xs='http://www.w3.org/2001/XMLSchema' xmlns:typens='http://www.esri.com/schemas/ArcGIS/2.2.0'&gt;&lt;WorkspaceConnectionString&gt;DATABASE=C:\Users\fortinm\Google Drive\ArcGISProWorkshop\data\Neighbourhood_boundaries&lt;/WorkspaceConnectionString&gt;&lt;WorkspaceFactory&gt;Shapefile&lt;/WorkspaceFactory&gt;&lt;Dataset&gt;NEIGHBORHOODS_WGS84.shp&lt;/Dataset&gt;&lt;DatasetType&gt;esriDTAny&lt;/DatasetType&gt;&lt;/CIMStandardDataConnection&gt;" &lt;operationSequence&gt;&lt;workflow&gt;&lt;AddField&gt;&lt;field_name&gt;ID&lt;/field_name&gt;&lt;field_type&gt;DOUBLE&lt;/field_type&gt;&lt;field_is_nullable&gt;False&lt;/field_is_nullable&gt;&lt;field_is_required&gt;False&lt;/field_is_required&gt;&lt;/AddField&gt;&lt;/workflow&gt;&lt;/operationSequence&gt;</Process><Process ToolSource="c:\program files\arcgis\pro\Resources\ArcToolbox\toolboxes\Data Management Tools.tbx\CalculateField" Date="20180910" Time="155734">CalculateField NEIGHBORHOODS_WGS84 ID !AREA_S_CD! "Python 3" #</Process><Process ToolSource="c:\program files\arcgis\pro\Resources\ArcToolbox\Toolboxes\Data Management Tools.tbx\DeleteField" Date="20180919" Time="162905">DeleteField NEIGHBORHOODS_WGS84 ID</Process><Process ToolSource="c:\program files\arcgis\pro\Resources\ArcToolbox\Toolboxes\Data Management Tools.tbx\DeleteField" Date="20180919" Time="162950">DeleteField NEIGHBORHOODS_WGS84 area</Process><Process ToolSource="c:\program files\arcgis\pro\Resources\ArcToolbox\toolboxes\Data Management Tools.tbx\UpdateSchema" Date="20221125" Time="160456">UpdateSchema "CIMDATA=&lt;CIMStandardDataConnection xsi:type='typens:CIMStandardDataConnection' xmlns:xsi='http://www.w3.org/2001/XMLSchema-instance' xmlns:xs='http://www.w3.org/2001/XMLSchema' xmlns:typens='http://www.esri.com/schemas/ArcGIS/2.9.0'&gt;&lt;WorkspaceConnectionString&gt;DATABASE=C:\Users\fortinma\Downloads\QGIS\data\Neighbourhood_boundaries&lt;/WorkspaceConnectionString&gt;&lt;WorkspaceFactory&gt;Shapefile&lt;/WorkspaceFactory&gt;&lt;Dataset&gt;NEIGHBORHOODS_WGS84.shp&lt;/Dataset&gt;&lt;DatasetType&gt;esriDTFeatureClass&lt;/DatasetType&gt;&lt;/CIMStandardDataConnection&gt;" &lt;operationSequence&gt;&lt;workflow&gt;&lt;AddField&gt;&lt;field_name&gt;Land_area&lt;/field_name&gt;&lt;field_type&gt;DOUBLE&lt;/field_type&gt;&lt;field_is_nullable&gt;False&lt;/field_is_nullable&gt;&lt;field_is_required&gt;False&lt;/field_is_required&gt;&lt;/AddField&gt;&lt;/workflow&gt;&lt;/operationSequence&gt;</Process><Process ToolSource="c:\program files\arcgis\pro\Resources\ArcToolbox\toolboxes\Data Management Tools.tbx\CalculateGeometryAttributes" Date="20221125" Time="160530">CalculateGeometryAttributes NEIGHBORHOODS_WGS84 "Land_area AREA_GEODESIC" # "Square kilometers" PROJCS["WGS_1984_Web_Mercator_Auxiliary_Sphere",GEOGCS["GCS_WGS_1984",DATUM["D_WGS_1984",SPHEROID["WGS_1984",6378137.0,298.257223563]],PRIMEM["Greenwich",0.0],UNIT["Degree",0.0174532925199433]],PROJECTION["Mercator_Auxiliary_Sphere"],PARAMETER["False_Easting",0.0],PARAMETER["False_Northing",0.0],PARAMETER["Central_Meridian",0.0],PARAMETER["Standard_Parallel_1",0.0],PARAMETER["Auxiliary_Sphere_Type",0.0],UNIT["Meter",1.0]] "Same as input"</Process></lineage></DataProperties></Esri><idinfo><citation><citeinfo><title>none</title><origin>none</origin></citeinfo></citation></idinfo><dataIdInfo><themeKeys><keyword>.</keyword></themeKeys><idPurp>Neighbourhoods based on Census Tracts.</idPurp><idAbs>Dataset contains polygon (area) features.</idAbs><idCitation><resTitle>CITYGCS.CENSUS_NEIGHBORHOOD</resTitle></idCitation><resConst><Consts><useLimit>Source must be credited. Cannot be re-sold</useLimit></Consts></resConst><dataExt><geoEle><GeoBndBox><westBL>-79.65</westBL><eastBL>-79.11</eastBL><northBL>43.86</northBL><southBL>43.57</southBL></GeoBndBox></geoEle></dataExt></dataIdInfo><metainfo><D>99</D><langmeta>en</langmeta></metainfo><distinfo></distinfo><spdoinfo><ptvctinf><esriterm><efeatyp>Feature Class</efeatyp><efeageom>Polygon</efeageom></esriterm></ptvctinf></spdoinfo><mdContact><rpOrgName>Geospatial Competency Centre</rpOrgName><rpIndName>.</rpIndName><rpCntInfo><cntAddress><city>Toronto</city><delPoint>18 Dyas Rd,  3rd Floor</delPoint><eMailAdd>gcc@toronto.ca</eMailAdd><postCode>M3B 1V5</postCode><adminArea>ON</adminArea></cntAddress><cntPhone><voiceNum>416-392-2506</voiceNum><faxNum>416-397-4900</faxNum></cntPhone></rpCntInfo><rpPosName>.</rpPosName></mdContact><eainfo><detailed><enttyp><enttypt>Feature Class</enttypt><enttypl>CITYGCS.CENSUS_NEIGHBORHOOD</enttypl><enttypc>140</enttypc></enttyp><attr><attrlabl>AREA_S_CD</attrlabl><attalias>AREA_S_CD</attalias><attrtype>VARCHAR2</attrtype><attwidth>10</attwidth><attrdef>Short code name</attrdef></attr><attr><attrlabl>AREA_NAME</attrlabl><attalias>AREA_NAME</attalias><attrtype>VARCHAR2</attrtype><attwidth>200</attwidth><attrdef>Area name</attrdef></attr><attr><attrlabl>SHAPE</attrlabl><attalias>SHAPE</attalias><attrtype>SDO_GEOMETRY</attrtype><attwidth>64</attwidth><attrdef>Geometry</attrdef></attr></detailed></eainfo><spatRepInfo><VectSpatRep><geometObjs><geoObjCnt>140</geoObjCnt></geometObjs></VectSpatRep></spatRepInfo></metadata>
