<metadata xml:lang="en"><Esri><CreaDate>20121128</CreaDate><CreaTime>09211700</CreaTime><ArcGISFormat>1.0</ArcGISFormat><SyncOnce>FALSE</SyncOnce><DataProperties><coordRef><csUnits>Decimal Degree</csUnits><geogcsn>WGS 84</geogcsn><peXml><wktVar>&lt;ProjectedCoordinateSystem&gt;&lt;WKT&gt;GEOGCS["WGS 84",DATUM["World Geodetic System 1984 [EPSG ID 6326]",SPHEROID["WGS 84 [EPSG ID 7030]",6378137.0,298.257223563]],PRIMEM["Greenwich",0.0],UNIT["Decimal Degree",0.01745329251994328]]&lt;/WKT&gt;&lt;XOrigin&gt;-85&lt;/XOrigin&gt;&lt;YOrigin&gt;40&lt;/YOrigin&gt;&lt;XYScale&gt;100000000&lt;/XYScale&gt;&lt;ZOrigin&gt;0&lt;/ZOrigin&gt;&lt;ZScale&gt;1&lt;/ZScale&gt;&lt;MOrigin&gt;0&lt;/MOrigin&gt;&lt;MScale&gt;1&lt;/MScale&gt;&lt;XYTolerance&gt;.00000002&lt;/XYTolerance&gt;&lt;ZTolerance&gt;0&lt;/ZTolerance&gt;&lt;MTolerance&gt;0&lt;/MTolerance&gt;&lt;HighPrecision&gt;&lt;/HighPrecision&gt;&lt;/ProjectedCoordinateSystem&gt;&lt;/peXml&gt;</wktVar></peXml><type Sync="TRUE">Geographic</type></coordRef><itemProps><itemName Sync="TRUE">bikeways</itemName><imsContentType Sync="TRUE">002</imsContentType><itemLocation><linkage Sync="TRUE">file://\\190-78\GIS$\TEMP\ArcGISProWorkshop\bikeways.shp</linkage><protocol Sync="TRUE">Local Area Network</protocol></itemLocation><itemSize Sync="TRUE">0.000</itemSize></itemProps><lineage><Process ToolSource="c:\program files\arcgis\pro\Resources\ArcToolbox\toolboxes\Data Management Tools.tbx\CopyFeatures" Date="20180725" Time="164011">CopyFeatures CENTRELINE_BIKEWAY_OD_WGS84 "C:\Users\fortinm\arcgis_projects\Loading and Manipulating Data\Loading and Manipulating Data.gdb\bikeways" # # # #</Process><Process ToolSource="c:\program files\arcgis\pro\Resources\ArcToolbox\Toolboxes\Data Management Tools.tbx\UpdateSchema" Date="20180727" Time="140050">UpdateSchema "CIMDATA=&lt;CIMStandardDataConnection xsi:type='typens:CIMStandardDataConnection' xmlns:xsi='http://www.w3.org/2001/XMLSchema-instance' xmlns:xs='http://www.w3.org/2001/XMLSchema' xmlns:typens='http://www.esri.com/schemas/ArcGIS/2.2.0'&gt;&lt;WorkspaceConnectionString&gt;DATABASE=C:\Users\fortinm\arcgis_projects\Loading and Manipulating Data\Loading and Manipulating Data.gdb&lt;/WorkspaceConnectionString&gt;&lt;WorkspaceFactory&gt;FileGDB&lt;/WorkspaceFactory&gt;&lt;Dataset&gt;bikeways&lt;/Dataset&gt;&lt;DatasetType&gt;esriDTFeatureClass&lt;/DatasetType&gt;&lt;/CIMStandardDataConnection&gt;" "&lt;operationSequence&gt;&lt;workflow&gt;&lt;AddField&gt;&lt;field_name&gt;length&lt;/field_name&gt;&lt;field_type&gt;DOUBLE&lt;/field_type&gt;&lt;field_alias&gt;length in meters&lt;/field_alias&gt;&lt;field_is_nullable&gt;True&lt;/field_is_nullable&gt;&lt;field_is_required&gt;False&lt;/field_is_required&gt;&lt;/AddField&gt;&lt;/workflow&gt;&lt;/operationSequence&gt;"</Process><Process ToolSource="c:\program files\arcgis\pro\Resources\ArcToolbox\toolboxes\Data Management Tools.tbx\CalculateField" Date="20180727" Time="140117">CalculateField bikeways length !shape.length! "Python 3" #</Process><Process ToolSource="c:\program files\arcgis\pro\Resources\ArcToolbox\toolboxes\Data Management Tools.tbx\CalculateField" Date="20180727" Time="140214">CalculateField bikeways length !shape.length@KILOMETERS! "Python 3" #</Process><Process ToolSource="c:\program files\arcgis\pro\Resources\ArcToolbox\toolboxes\Data Management Tools.tbx\CalculateField" Date="20180727" Time="140228">CalculateField bikeways length !shape.length@METERS! "Python 3" #</Process><Process ToolSource="c:\program files\arcgis\pro\Resources\ArcToolbox\toolboxes\Data Management Tools.tbx\CalculateField" Date="20180727" Time="140245">CalculateField bikeways length !shape.length@MILLIMETERS! "Python 3" #</Process><Process ToolSource="c:\program files\arcgis\pro\Resources\ArcToolbox\toolboxes\Data Management Tools.tbx\CalculateField" Date="20180727" Time="140257">CalculateField bikeways length !shape.length@METERS! "Python 3" #</Process><Process ToolSource="c:\program files\arcgis\pro\Resources\ArcToolbox\Toolboxes\Data Management Tools.tbx\UpdateSchema" Date="20180727" Time="140629">UpdateSchema "CIMDATA=&lt;CIMStandardDataConnection xsi:type='typens:CIMStandardDataConnection' xmlns:xsi='http://www.w3.org/2001/XMLSchema-instance' xmlns:xs='http://www.w3.org/2001/XMLSchema' xmlns:typens='http://www.esri.com/schemas/ArcGIS/2.2.0'&gt;&lt;WorkspaceConnectionString&gt;DATABASE=C:\Users\fortinm\arcgis_projects\Loading and Manipulating Data\Loading and Manipulating Data.gdb&lt;/WorkspaceConnectionString&gt;&lt;WorkspaceFactory&gt;FileGDB&lt;/WorkspaceFactory&gt;&lt;Dataset&gt;bikeways&lt;/Dataset&gt;&lt;DatasetType&gt;esriDTFeatureClass&lt;/DatasetType&gt;&lt;/CIMStandardDataConnection&gt;" &lt;operationSequence&gt;&lt;workflow&gt;&lt;DeleteField&gt;&lt;field_name&gt;length&lt;/field_name&gt;&lt;/DeleteField&gt;&lt;/workflow&gt;&lt;/operationSequence&gt;</Process><Process ToolSource="c:\program files\arcgis\pro\Resources\ArcToolbox\Toolboxes\Data Management Tools.tbx\UpdateSchema" Date="20180727" Time="141032">UpdateSchema "CIMDATA=&lt;CIMStandardDataConnection xsi:type='typens:CIMStandardDataConnection' xmlns:xsi='http://www.w3.org/2001/XMLSchema-instance' xmlns:xs='http://www.w3.org/2001/XMLSchema' xmlns:typens='http://www.esri.com/schemas/ArcGIS/2.2.0'&gt;&lt;WorkspaceConnectionString&gt;DATABASE=C:\Users\fortinm\arcgis_projects\Loading and Manipulating Data\Loading and Manipulating Data.gdb&lt;/WorkspaceConnectionString&gt;&lt;WorkspaceFactory&gt;FileGDB&lt;/WorkspaceFactory&gt;&lt;Dataset&gt;bikeways&lt;/Dataset&gt;&lt;DatasetType&gt;esriDTFeatureClass&lt;/DatasetType&gt;&lt;/CIMStandardDataConnection&gt;" "&lt;operationSequence&gt;&lt;workflow&gt;&lt;AddField&gt;&lt;field_name&gt;LineLength&lt;/field_name&gt;&lt;field_type&gt;DOUBLE&lt;/field_type&gt;&lt;field_alias&gt;Line Length&lt;/field_alias&gt;&lt;field_is_nullable&gt;True&lt;/field_is_nullable&gt;&lt;field_is_required&gt;False&lt;/field_is_required&gt;&lt;/AddField&gt;&lt;/workflow&gt;&lt;/operationSequence&gt;"</Process><Process ToolSource="c:\program files\arcgis\pro\Resources\ArcToolbox\toolboxes\Data Management Tools.tbx\CalculateField" Date="20180727" Time="141221">CalculateField bikeways LineLength !LineLength.length@KILOMETERS! "Python 3" #</Process><Process ToolSource="c:\program files\arcgis\pro\Resources\ArcToolbox\toolboxes\Data Management Tools.tbx\CalculateField" Date="20180727" Time="141327">CalculateField bikeways LineLength !shape.length@FEET! "Python 3" #</Process><Process ToolSource="c:\program files\arcgis\pro\Resources\ArcToolbox\toolboxes\Data Management Tools.tbx\CalculateField" Date="20180727" Time="141351">CalculateField bikeways LineLength !shape.length@KILOMETERS! "Python 3" #</Process><Process ToolSource="c:\program files\arcgis\pro\Resources\ArcToolbox\toolboxes\Data Management Tools.tbx\CalculateGeometryAttributes" Date="20180727" Time="141639">CalculateGeometryAttributes bikeways "LineLength LENGTH_GEODESIC" Kilometers # #</Process><Process ToolSource="c:\program files\arcgis\pro\Resources\ArcToolbox\toolboxes\Data Management Tools.tbx\CalculateGeometryAttributes" Date="20180727" Time="141703">CalculateGeometryAttributes bikeways "LineLength LENGTH_GEODESIC" Kilometers # PROJCS['WGS_1984_Web_Mercator_Auxiliary_Sphere',GEOGCS['GCS_WGS_1984',DATUM['D_WGS_1984',SPHEROID['WGS_1984',6378137.0,298.257223563]],PRIMEM['Greenwich',0.0],UNIT['Degree',0.0174532925199433]],PROJECTION['Mercator_Auxiliary_Sphere'],PARAMETER['False_Easting',0.0],PARAMETER['False_Northing',0.0],PARAMETER['Central_Meridian',0.0],PARAMETER['Standard_Parallel_1',0.0],PARAMETER['Auxiliary_Sphere_Type',0.0],UNIT['Meter',1.0]]</Process><Process ToolSource="c:\program files\arcgis\pro\Resources\ArcToolbox\toolboxes\Data Management Tools.tbx\DeleteField" Date="20180910" Time="121632">DeleteField bikeways LineLength</Process><Process ToolSource="c:\program files\arcgis\pro\Resources\ArcToolbox\toolboxes\Data Management Tools.tbx\UpdateSchema" Date="20180910" Time="122459">UpdateSchema "CIMDATA=&lt;CIMStandardDataConnection xsi:type='typens:CIMStandardDataConnection' xmlns:xsi='http://www.w3.org/2001/XMLSchema-instance' xmlns:xs='http://www.w3.org/2001/XMLSchema' xmlns:typens='http://www.esri.com/schemas/ArcGIS/2.2.0'&gt;&lt;WorkspaceConnectionString&gt;DATABASE=C:\Users\fortinm\arcgis_projects\Loading and Manipulating Data\Loading and Manipulating Data.gdb&lt;/WorkspaceConnectionString&gt;&lt;WorkspaceFactory&gt;FileGDB&lt;/WorkspaceFactory&gt;&lt;Dataset&gt;bikeways&lt;/Dataset&gt;&lt;DatasetType&gt;esriDTFeatureClass&lt;/DatasetType&gt;&lt;/CIMStandardDataConnection&gt;" "&lt;operationSequence&gt;&lt;workflow&gt;&lt;AddField&gt;&lt;field_name&gt;LineLength&lt;/field_name&gt;&lt;field_type&gt;DOUBLE&lt;/field_type&gt;&lt;field_alias&gt;Line Length&lt;/field_alias&gt;&lt;field_is_nullable&gt;True&lt;/field_is_nullable&gt;&lt;field_is_required&gt;False&lt;/field_is_required&gt;&lt;/AddField&gt;&lt;/workflow&gt;&lt;/operationSequence&gt;"</Process><Process ToolSource="c:\program files\arcgis\pro\Resources\ArcToolbox\toolboxes\Data Management Tools.tbx\CalculateField" Date="20180910" Time="122710">CalculateField bikeways LineLength !shape.length@KILOMETERS! "Python 3" #</Process><Process ToolSource="c:\program files\arcgis\pro\Resources\ArcToolbox\toolboxes\Data Management Tools.tbx\DeleteField" Date="20180910" Time="122738">DeleteField bikeways LineLength</Process><Process ToolSource="c:\program files\arcgis\pro\Resources\ArcToolbox\toolboxes\Data Management Tools.tbx\UpdateSchema" Date="20180926" Time="084251">UpdateSchema "CIMDATA=&lt;CIMStandardDataConnection xsi:type='typens:CIMStandardDataConnection' xmlns:xsi='http://www.w3.org/2001/XMLSchema-instance' xmlns:xs='http://www.w3.org/2001/XMLSchema' xmlns:typens='http://www.esri.com/schemas/ArcGIS/2.2.0'&gt;&lt;WorkspaceConnectionString&gt;DATABASE=C:\Users\fortinm\arcgis_projects\Loading and Manipulating Data\Loading and Manipulating Data.gdb&lt;/WorkspaceConnectionString&gt;&lt;WorkspaceFactory&gt;FileGDB&lt;/WorkspaceFactory&gt;&lt;Dataset&gt;bikeways&lt;/Dataset&gt;&lt;DatasetType&gt;esriDTFeatureClass&lt;/DatasetType&gt;&lt;/CIMStandardDataConnection&gt;" "&lt;operationSequence&gt;&lt;workflow&gt;&lt;AddField&gt;&lt;field_name&gt;LineLength&lt;/field_name&gt;&lt;field_type&gt;DOUBLE&lt;/field_type&gt;&lt;field_alias&gt;Line Length&lt;/field_alias&gt;&lt;field_is_nullable&gt;True&lt;/field_is_nullable&gt;&lt;field_is_required&gt;False&lt;/field_is_required&gt;&lt;/AddField&gt;&lt;/workflow&gt;&lt;/operationSequence&gt;"</Process><Process ToolSource="c:\program files\arcgis\pro\Resources\ArcToolbox\toolboxes\Data Management Tools.tbx\CalculateGeometryAttributes" Date="20180926" Time="084337">CalculateGeometryAttributes bikeways "LineLength LENGTH_GEODESIC" Kilometers # GEOGCS['WGS 84',DATUM['World Geodetic System 1984 (EPSG ID 6326)',SPHEROID['WGS 84 (EPSG ID 7030)',6378137.0,298.257223563]],PRIMEM['Greenwich',0.0],UNIT['Decimal_Degree',0.01745329251994328]]</Process><Process ToolSource="c:\program files\arcgis\pro\Resources\ArcToolbox\toolboxes\Data Management Tools.tbx\CopyFeatures" Date="20180927" Time="155147">CopyFeatures bikeways U:\TEMP\ArcGISProWorkshop\bikeways.shp # # # #</Process></lineage></DataProperties><SyncDate>20180927</SyncDate><SyncTime>15514600</SyncTime><ModDate>20180927</ModDate><ModTime>15514600</ModTime></Esri><idinfo><citation><citeinfo><title>Bikeways</title><origin>none</origin></citeinfo></citation></idinfo><dataIdInfo><themeKeys><keyword>Road</keyword><keyword>river</keyword><keyword>highway</keyword><keyword>railway</keyword><keyword>line</keyword><keyword>transportation</keyword><keyword>one-way</keyword><keyword>oneway</keyword><keyword>bikeways</keyword><keyword>cycle</keyword><keyword>bicycle</keyword></themeKeys><idPurp>On and off-street bikeways, suggested routes and other connections found on the Toronto Cycling Map.</idPurp><idAbs>The Toronto Cycling Map shows marked bicycle lanes, sharrows, signed bicycle routes and off-road paths. It also shows suggested routes and connections in areas where routes have not yet been designated as part of the Bikeway Network. The suggested routes and connections have been identified in consultation with experienced Toronto cyclists and the Toronto Cycling Advisory Committee.</idAbs><idCitation><resTitle>CITYGCS.CENTRELINE_BIKEWAY_OD</resTitle><presForm><PresFormCd value="005" Sync="TRUE"></PresFormCd></presForm></idCitation><resConst><Consts><useLimit>Source must be credited. Cannot be re-sold</useLimit></Consts></resConst><dataExt><geoEle><GeoBndBox><westBL>-82</westBL><eastBL>-77.8</eastBL><northBL>45.2</northBL><southBL>42</southBL></GeoBndBox></geoEle></dataExt><idPoC><rpIndName>Open Data Team</rpIndName><rpOrgName>City of Toronto</rpOrgName><rpCntInfo><cntAddress><eMailAdd>opendata@toronto.ca</eMailAdd></cntAddress></rpCntInfo></idPoC><envirDesc Sync="TRUE">Microsoft Windows 7 Version 6.1 (Build 7601) Service Pack 1; Esri ArcGIS 12.2.0.12813</envirDesc><dataLang><languageCode value="eng" Sync="TRUE"></languageCode><countryCode value="USA" Sync="TRUE"></countryCode></dataLang><spatRpType><SpatRepTypCd value="001" Sync="TRUE"></SpatRepTypCd></spatRpType></dataIdInfo><metainfo><D>99</D><langmeta>en</langmeta></metainfo><distinfo></distinfo><spdoinfo><ptvctinf><esriterm Name="bikeways"><efeatyp Sync="TRUE">Simple</efeatyp><efeageom code="3" Sync="TRUE"></efeageom><esritopo Sync="TRUE">FALSE</esritopo><efeacnt Sync="TRUE">0</efeacnt><spindex Sync="TRUE">FALSE</spindex><linrefer Sync="TRUE">FALSE</linrefer></esriterm></ptvctinf></spdoinfo><mdContact><rpOrgName>Geospatial Competency Centre</rpOrgName><rpIndName>.</rpIndName><rpCntInfo><cntAddress><city>Toronto</city><delPoint>18 Dyas Rd,  3rd Floor</delPoint><eMailAdd>gcc@toronto.ca</eMailAdd><postCode>M3B 1V5</postCode><adminArea>ON</adminArea></cntAddress><cntPhone><voiceNum>416-392-2506</voiceNum><faxNum>416-397-4900</faxNum></cntPhone></rpCntInfo><rpPosName>.</rpPosName></mdContact><eainfo><detailed Name="bikeways"><enttyp><enttypt>Feature Class</enttypt><enttypl>CITYGCS.CENTRELINE_BIKEWAY_OD</enttypl><enttypc Sync="TRUE">0</enttypc></enttyp><attr><attrlabl Sync="TRUE">FID</attrlabl><attalias Sync="TRUE">FID</attalias><attrtype Sync="TRUE">OID</attrtype><attwidth Sync="TRUE">4</attwidth><atprecis Sync="TRUE">0</atprecis><attscale Sync="TRUE">0</attscale><attrdef Sync="TRUE">Internal feature number.</attrdef><attrdefs Sync="TRUE">Esri</attrdefs><attrdomv><udom Sync="TRUE">Sequential unique whole numbers that are automatically generated.</udom></attrdomv></attr><attr><attrlabl>FCODE</attrlabl><attalias>FCODE</attalias><attrtype>NUMBER</attrtype><attwidth>22</attwidth><attrdef>Unique geographic identifier</attrdef><atprecis Sync="TRUE">10</atprecis><attscale Sync="TRUE">0</attscale></attr><attr><attrlabl>FCODE_DESC</attrlabl><attalias>FCODE_DESC</attalias><attrtype>VARCHAR2</attrtype><attwidth>100</attwidth><attrdef>Feature code description for the CENTRELINE_BIKEWAY segment</attrdef><atprecis Sync="TRUE">0</atprecis><attscale Sync="TRUE">0</attscale></attr><attr><attrlabl>JURIS_CODE</attrlabl><attalias>JURIS_CODE</attalias><attrtype>VARCHAR2</attrtype><attwidth>20</attwidth><attrdef>Jurisdiction of the CENTRELINE_BIKEWAY segment</attrdef><atprecis Sync="TRUE">0</atprecis><attscale Sync="TRUE">0</attscale></attr><attr><attrlabl>SHAPE</attrlabl><attalias>SHAPE</attalias><attrtype>SDO_GEOMETRY</attrtype><attwidth>64</attwidth><attrdef>Even/Odd address numbers on left side of street</attrdef><atprecis Sync="TRUE">0</atprecis><attscale Sync="TRUE">0</attscale><attrdefs Sync="TRUE">Esri</attrdefs><attrdomv><udom Sync="TRUE">Coordinates defining the features.</udom></attrdomv></attr><attr><attrlabl>OBJECTID</attrlabl><attalias>OBJECTID</attalias><attrtype>NUMBER</attrtype><attwidth>22</attwidth><attrdef>Even/Odd address numbers on right side of street</attrdef><atprecis Sync="TRUE">0</atprecis><attscale Sync="TRUE">0</attscale></attr><attr><attrlabl>CP_TYPE</attrlabl><attalias>CP_TYPE</attalias><attrtype>VARCHAR2</attrtype><attwidth>50</attwidth><attrdef>Highest address number for right side of the street segment</attrdef><atprecis Sync="TRUE">0</atprecis><attscale Sync="TRUE">0</attscale></attr><attr><attrlabl>GEO_ID</attrlabl><attalias>GEO_ID</attalias><attrtype>NUMBER</attrtype><attwidth>22</attwidth><attrdef>Unique ID of CENTRELINE segment.</attrdef><atprecis Sync="TRUE">10</atprecis><attscale Sync="TRUE">0</attscale></attr><attr><attrlabl>LFN_ID</attrlabl><attalias>LFN_ID</attalias><attrtype>NUMBER</attrtype><attwidth>22</attwidth><attrdef>Unique ID of Linear Name</attrdef><atprecis Sync="TRUE">10</atprecis><attscale Sync="TRUE">0</attscale></attr><attr><attrlabl>LF_NAME</attrlabl><attalias>LF_NAME</attalias><attrtype>VARCHAR2</attrtype><attwidth>110</attwidth><attrdef>Linear Name in full, e.g. Don Mills Rd</attrdef><atprecis Sync="TRUE">0</atprecis><attscale Sync="TRUE">0</attscale></attr><attr><attrlabl>ADDRESS_L</attrlabl><attalias>ADDRESS_L</attalias><attrtype>VARCHAR2</attrtype><attwidth>20</attwidth><attrdef>Address range left</attrdef><atprecis Sync="TRUE">0</atprecis><attscale Sync="TRUE">0</attscale></attr><attr><attrlabl>ADDRESS_R</attrlabl><attalias>ADDRESS_R</attalias><attrtype>VARCHAR2</attrtype><attwidth>20</attwidth><attrdef>Address range right</attrdef><atprecis Sync="TRUE">0</atprecis><attscale Sync="TRUE">0</attscale></attr><attr><attrlabl>OE_FLAG_L</attrlabl><attalias>OE_FLAG_L</attalias><attrtype>VARCHAR2</attrtype><attwidth>2</attwidth><attrdef>Parity Left</attrdef><atprecis Sync="TRUE">0</atprecis><attscale Sync="TRUE">0</attscale></attr><attr><attrlabl>OE_FLAG_R</attrlabl><attalias>OE_FLAG_R</attalias><attrtype>VARCHAR2</attrtype><attwidth>2</attwidth><attrdef>Parity Right</attrdef><atprecis Sync="TRUE">0</atprecis><attscale Sync="TRUE">0</attscale></attr><attr><attrlabl>LONUML</attrlabl><attalias>LONUML</attalias><attrtype>NUMBER</attrtype><attwidth>22</attwidth><attrdef>Numeric lowest number on the left</attrdef><atprecis Sync="TRUE">10</atprecis><attscale Sync="TRUE">0</attscale></attr><attr><attrlabl>HINUML</attrlabl><attalias>HINUML</attalias><attrtype>NUMBER</attrtype><attwidth>22</attwidth><attrdef>from intersection id</attrdef><atprecis Sync="TRUE">10</atprecis><attscale Sync="TRUE">0</attscale></attr><attr><attrlabl>LONUMR</attrlabl><attalias>LONUMR</attalias><attrtype>NUMBER</attrtype><attwidth>22</attwidth><attrdef>to intersection id</attrdef><atprecis Sync="TRUE">10</atprecis><attscale Sync="TRUE">0</attscale></attr><attr><attrlabl>HINUMR</attrlabl><attalias>HINUMR</attalias><attrtype>NUMBER</attrtype><attwidth>22</attwidth><attrdef>One-way direction (0, 1, -1)</attrdef><atprecis Sync="TRUE">10</atprecis><attscale Sync="TRUE">0</attscale></attr><attr><attrlabl>FNODE</attrlabl><attalias>FNODE</attalias><attrtype>NUMBER</attrtype><attwidth>22</attwidth><attrdef>Intersection id at the from node</attrdef><atprecis Sync="TRUE">10</atprecis><attscale Sync="TRUE">0</attscale></attr><attr><attrlabl>TNODE</attrlabl><attalias>TNODE</attalias><attrtype>NUMBER</attrtype><attwidth>22</attwidth><attrdef>Intersection id at the to node</attrdef><atprecis Sync="TRUE">10</atprecis><attscale Sync="TRUE">0</attscale></attr><attr><attrlabl>ONE_WAY_DI</attrlabl><attalias>ONE_WAY_DI</attalias><attrtype>NUMBER</attrtype><attwidth>22</attwidth><attrdef>0 for non-oneway, 1 follow digitized direction, -1 against digitised direction</attrdef><atprecis Sync="TRUE">5</atprecis><attscale Sync="TRUE">0</attscale></attr><attr><attrlabl>DIR_CODE_D</attrlabl><attalias>DIR_CODE_D</attalias><attrtype>VARCHAR2</attrtype><attwidth>20</attwidth><attrdef>Oneway code description</attrdef><atprecis Sync="TRUE">0</atprecis><attscale Sync="TRUE">0</attscale></attr><attr><attrlabl Sync="TRUE">RID</attrlabl><attalias Sync="TRUE">RID</attalias><attrtype Sync="TRUE">Double</attrtype><attwidth Sync="TRUE">19</attwidth><atprecis Sync="TRUE">0</atprecis><attscale Sync="TRUE">0</attscale></attr><attr><attrlabl Sync="TRUE">Shape_Leng</attrlabl><attalias Sync="TRUE">Shape_Leng</attalias><attrtype Sync="TRUE">Double</attrtype><attwidth Sync="TRUE">19</attwidth><atprecis Sync="TRUE">0</atprecis><attscale Sync="TRUE">0</attscale></attr><attr><attrlabl Sync="TRUE">LineLength</attrlabl><attalias Sync="TRUE">LineLength</attalias><attrtype Sync="TRUE">Double</attrtype><attwidth Sync="TRUE">19</attwidth><atprecis Sync="TRUE">0</atprecis><attscale Sync="TRUE">0</attscale></attr></detailed></eainfo><mdLang><languageCode value="eng" Sync="TRUE"></languageCode><countryCode value="USA" Sync="TRUE"></countryCode></mdLang><distInfo><distFormat><formatName Sync="TRUE">Shapefile</formatName></distFormat><distTranOps><transSize Sync="TRUE">0.000</transSize></distTranOps></distInfo><mdHrLv><ScopeCd value="005" Sync="TRUE"></ScopeCd></mdHrLv><mdHrLvName Sync="TRUE">dataset</mdHrLvName><refSysInfo><RefSystem><refSysID><identCode code="0" Sync="TRUE"></identCode></refSysID></RefSystem></refSysInfo><spatRepInfo><VectSpatRep><geometObjs Name="bikeways"><geoObjTyp><GeoObjTypCd value="002" Sync="TRUE"></GeoObjTypCd></geoObjTyp><geoObjCnt Sync="TRUE">0</geoObjCnt></geometObjs><topLvl><TopoLevCd value="001" Sync="TRUE"></TopoLevCd></topLvl></VectSpatRep></spatRepInfo><mdDateSt Sync="TRUE">20180927</mdDateSt></metadata>
