<?xml version="1.0" encoding="UTF-8"?>
<metadata xml:lang="en"><Esri><CreaDate>20120802</CreaDate><CreaTime>14473500</CreaTime><ArcGISFormat>1.0</ArcGISFormat><SyncOnce>FALSE</SyncOnce><DataProperties><lineage><Process Name="Define Projection" ToolSource="C:\Program Files\ArcGIS\Desktop10.0\ArcToolbox\Toolboxes\Data Management Tools.tbx\DefineProjection" Date="20120802" Time="144735">DefineProjection M:\data\public\toronto\air_photos_1947\s0012_fl1947_it0018b.sid PROJCS['NAD_1983_UTM_Zone_17N',GEOGCS['GCS_North_American_1983',DATUM['D_North_American_1983',SPHEROID['GRS_1980',6378137.0,298.257222101]],PRIMEM['Greenwich',0.0],UNIT['Degree',0.0174532925199433]],PROJECTION['Transverse_Mercator'],PARAMETER['False_Easting',500000.0],PARAMETER['False_Northing',0.0],PARAMETER['Central_Meridian',-81.0],PARAMETER['Scale_Factor',0.9996],PARAMETER['Latitude_Of_Origin',0.0],UNIT['Meter',1.0]]</Process><Process ToolSource="c:\program files\arcgis\desktop10.0\ArcToolbox\Toolboxes\Data Management Tools.tbx\CopyRaster" Date="20120815" Time="192647">CopyRaster M:\data\public\toronto\air_photos_1947\s0012_fl1947_it0018b.sid M:\data\public\toronto\air_photos_1947\projected\s0012_fl1947_it0018b.jpg # # # NONE NONE #</Process><Process ToolSource="c:\program files\arcgis\desktop10.0\ArcToolbox\Toolboxes\Data Management Tools.tbx\ExportRasterWorldFile" Date="20120816" Time="112834">ExportRasterWorldFile M:\data\public\toronto\air_photos_1947\projected\s0012_fl1947_it0018b.jpg</Process></lineage><itemProps><itemName Sync="TRUE">s0012_fl1947_it0018b.jpg</itemName><itemLocation><linkage Sync="TRUE">file://M:\data\public\toronto\air_photos_1947\projected\s0012_fl1947_it0018b.jpg</linkage><protocol Sync="TRUE">Local Area Network</protocol></itemLocation><imsContentType Sync="TRUE">002</imsContentType><nativeExtBox><westBL Sync="TRUE">-0.500000</westBL><eastBL Sync="TRUE">7568.500000</eastBL><southBL Sync="TRUE">-7148.500000</southBL><northBL Sync="TRUE">0.500000</northBL><exTypeCode Sync="TRUE">1</exTypeCode></nativeExtBox></itemProps><RasterProperties><General><PixelDepth Sync="TRUE">8</PixelDepth><HasColormap Sync="TRUE">FALSE</HasColormap><CompressionType Sync="TRUE">JPEG</CompressionType><NumBands Sync="TRUE">1</NumBands><Format Sync="TRUE">JFIF</Format><HasPyramids Sync="TRUE">TRUE</HasPyramids><SourceType Sync="TRUE">continuous</SourceType><PixelType Sync="TRUE">unsigned integer</PixelType><NoDataValue Sync="TRUE">256</NoDataValue></General></RasterProperties></DataProperties><SyncDate>20120815</SyncDate><SyncTime>19264400</SyncTime><ModDate>20120815</ModDate><ModTime>19264400</ModTime></Esri><dataIdInfo><envirDesc Sync="TRUE">Microsoft Windows XP Version 5.1 (Build 2600) Service Pack 3; ESRI ArcGIS 10.0.3.3600</envirDesc><dataLang><languageCode value="en" Sync="TRUE"></languageCode><countryCode value="US" Sync="TRUE"></countryCode></dataLang><idCitation><resTitle Sync="TRUE">s0012_fl1947_it0018b.jpg</resTitle><presForm><PresFormCd value="005" Sync="TRUE"></PresFormCd></presForm></idCitation><spatRpType><SpatRepTypCd value="002" Sync="TRUE"></SpatRepTypCd></spatRpType></dataIdInfo><mdLang><languageCode value="en" Sync="TRUE"></languageCode><countryCode value="US" Sync="TRUE"></countryCode></mdLang><mdChar><CharSetCd value="004" Sync="TRUE"></CharSetCd></mdChar><distInfo><distFormat><formatName Sync="TRUE">Raster Dataset</formatName></distFormat></distInfo><mdHrLv><ScopeCd value="005" Sync="TRUE"></ScopeCd></mdHrLv><mdHrLvName Sync="TRUE">dataset</mdHrLvName><spatRepInfo><Georect><cellGeo><CellGeoCd Sync="TRUE" value="002"></CellGeoCd></cellGeo><numDims Sync="TRUE">2</numDims><tranParaAv Sync="TRUE">1</tranParaAv><chkPtAv Sync="TRUE">0</chkPtAv><cornerPts><pos Sync="TRUE">-0.500000 -7148.500000</pos></cornerPts><cornerPts><pos Sync="TRUE">-0.500000 0.500000</pos></cornerPts><cornerPts><pos Sync="TRUE">7568.500000 0.500000</pos></cornerPts><cornerPts><pos Sync="TRUE">7568.500000 -7148.500000</pos></cornerPts><centerPt><pos Sync="TRUE">3784.000000 -3574.000000</pos></centerPt><axisDimension type="002"><dimSize Sync="TRUE">7569</dimSize><dimResol><value Sync="TRUE">1.000000</value></dimResol></axisDimension><axisDimension type="001"><dimSize Sync="TRUE">7149</dimSize><dimResol><value Sync="TRUE">1.000000</value></dimResol></axisDimension><ptInPixel><PixOrientCd Sync="TRUE" value="001"></PixOrientCd></ptInPixel></Georect></spatRepInfo><contInfo><ImgDesc><contentTyp><ContentTypCd Sync="TRUE" value="001"></ContentTypCd></contentTyp><covDim><Band><dimDescrp Sync="TRUE">Band_1</dimDescrp><bitsPerVal Sync="TRUE">8</bitsPerVal></Band></covDim></ImgDesc></contInfo><mdDateSt Sync="TRUE">20120815</mdDateSt></metadata>
