<?xml version="1.0" encoding="UTF-8"?>
<metadata xml:lang="en"><Esri><CreaDate>20180409</CreaDate><CreaTime>14182500</CreaTime><ArcGISFormat>1.0</ArcGISFormat><SyncOnce>TRUE</SyncOnce><DataProperties><lineage><Process ToolSource="c:\program files (x86)\arcgis\desktop10.3\ArcToolbox\Toolboxes\Data Management Tools.tbx\CalculateField" Date="20180409" Time="141825">CalculateField CITY_GREEN_SPACE_WGS84 GEO_ID [AREA_ID] VB #</Process><Process ToolSource="c:\program files (x86)\arcgis\desktop10.3\ArcToolbox\Toolboxes\Data Management Tools.tbx\CalculateField" Date="20180409" Time="141924">CalculateField CITY_GREEN_SPACE_WGS84 TYPE_DESC [AREA_TYPE] VB #</Process><Process ToolSource="c:\program files (x86)\arcgis\desktop10.3\ArcToolbox\Toolboxes\Data Management Tools.tbx\CalculateField" Date="20180409" Time="142135">CalculateField CITY_GREEN_SPACE_WGS84 SCODE_NAME [AREA_SHORT] VB #</Process><Process ToolSource="c:\program files (x86)\arcgis\desktop10.3\ArcToolbox\Toolboxes\Data Management Tools.tbx\CalculateField" Date="20180409" Time="142307">CalculateField CITY_GREEN_SPACE_WGS84 LCODE_NAME [AREA_LONG_] VB #</Process><Process ToolSource="c:\program files (x86)\arcgis\desktop10.3\ArcToolbox\Toolboxes\Data Management Tools.tbx\CalculateField" Date="20180409" Time="142401">CalculateField CITY_GREEN_SPACE_WGS84 NAME [AREA_NAME] VB #</Process></lineage></DataProperties></Esri></metadata>
